priority,u_incident_type,business_service,sys_created_on,resolved_at
5 - Planning,Install,Network Illustration System,5/16/2023 9:31,06/08/2023 10:11
5 - Planning,Functionality Issue,Network Illustration System,5/31/2023 8:23,06/08/2023 09:41
4 - Low,How-To/Training,Illustrations,5/30/2023 11:48,06/06/2023 10:41
4 - Low,Event,Network Illustration System,5/17/2023 11:46,06/02/2023 11:28
5 - Planning,How-To/Training,Illustrations,5/23/2023 16:10,06/01/2023 14:10
4 - Low,How-To/Training,Illustrations,5/23/2023 14:51,5/31/2023 13:42
4 - Low,How-To/Training,Illustrations,5/31/2023 10:35,5/31/2023 10:58
5 - Planning,How-To/Training,Illustrations,5/24/2023 11:37,5/30/2023 17:04
4 - Low,How-To/Training,Illustrations,5/30/2023 12:59,5/30/2023 17:03
5 - Planning,Functionality Issue,Illustrations,05/12/2023 14:19,5/30/2023 17:03
5 - Planning,How-To/Training,Illustrations,5/25/2023 11:57,5/30/2023 11:38
4 - Low,How-To/Training,Network Illustration System,5/23/2023 13:59,5/30/2023 11:06
4 - Low,How-To/Training,Illustrations,5/26/2023 10:53,5/26/2023 16:29
4 - Low,Event,Illustrations,3/22/2023 18:25,5/26/2023 10:21
4 - Low,How-To/Training,Illustrations,5/22/2023 12:24,5/24/2023 10:37
4 - Low,Functionality Issue,Illustrations,05/01/2023 14:40,5/24/2023 9:28
5 - Planning,How-To/Training,Illustrations,5/18/2023 9:14,5/24/2023 8:55
5 - Planning,Data Issue,Inforce Reports (IFRP),5/15/2023 12:10,5/23/2023 16:00
4 - Low,How-To/Training,Network Illustration System,5/23/2023 13:59,5/23/2023 14:04
5 - Planning,How-To/Training,Illustrations,5/19/2023 11:59,5/22/2023 14:47
4 - Low,How-To/Training,Illustrations,5/17/2023 8:47,5/22/2023 8:09
4 - Low,Functionality Issue,Illustrations,5/15/2023 8:29,5/19/2023 12:42
4 - Low,How-To/Training,Illustrations,5/15/2023 13:31,5/19/2023 11:00
4 - Low,Event,Illustrations,5/17/2023 12:55,5/18/2023 16:09
5 - Planning,Unavailable,Network Illustration System,05/11/2023 09:39,5/18/2023 10:49
4 - Low,Event,Network Illustration System,05/11/2023 15:16,5/17/2023 16:47
4 - Low,How-To/Training,Network Illustration System,5/15/2023 10:26,5/17/2023 13:02
4 - Low,How-To/Training,Network Illustration System,05/11/2023 09:31,5/17/2023 10:47
4 - Low,Request,Advanced Markets Illustrations,5/16/2023 12:26,5/17/2023 10:44
4 - Low,How-To/Training,Illustrations,05/08/2023 14:23,5/15/2023 11:00
5 - Planning,How-To/Training,Illustrations,05/08/2023 18:03,5/15/2023 7:32
4 - Low,Functionality Issue,Illustrations,05/10/2023 12:01,05/12/2023 14:52
5 - Planning,How-To/Training,Illustrations,05/11/2023 13:52,05/11/2023 13:54
4 - Low,How-To/Training,Advanced Markets Illustrations,05/08/2023 07:53,05/11/2023 08:27
5 - Planning,How-To/Training,Network Illustration System,3/30/2022 13:42,05/10/2023 10:17
4 - Low,Functionality Issue,Illustrations,05/02/2023 15:32,05/09/2023 09:01
4 - Low,How-To/Training,Network Illustration System,4/28/2023 9:42,05/08/2023 11:35
5 - Planning,How-To/Training,Network Illustration System,4/26/2023 16:41,05/08/2023 11:33
5 - Planning,Functionality Issue,Illustrations,4/27/2023 15:16,05/08/2023 10:54
5 - Planning,Functionality Issue,Illustrations,05/02/2023 09:59,05/08/2023 10:40
5 - Planning,How-To/Training,Illustrations,05/04/2023 14:57,05/08/2023 10:13
4 - Low,How-To/Training,Illustrations,05/03/2023 12:43,05/08/2023 10:09
4 - Low,Functionality Issue,Illustrations,05/02/2023 10:53,05/08/2023 10:07
4 - Low,Functionality Issue,Illustrations,05/02/2023 10:50,05/08/2023 10:06
4 - Low,How-To/Training,Illustrations,05/03/2023 16:50,05/05/2023 13:41
4 - Low,Functionality Issue,Illustrations,05/02/2023 08:16,05/05/2023 13:35
4 - Low,Functionality Issue,Illustrations,05/02/2023 10:45,05/05/2023 10:24
4 - Low,How-To/Training,Illustrations,2/13/2023 16:58,05/05/2023 08:38
5 - Planning,Event,Illustrations,6/21/2022 13:49,05/04/2023 12:37
5 - Planning,Event,Illustrations,06/01/2022 10:11,05/04/2023 12:37
5 - Planning,Event,Illustrations,5/24/2022 14:11,05/04/2023 12:36
5 - Planning,Event,Illustrations,5/19/2022 17:45,05/04/2023 12:35
5 - Planning,Event,Illustrations,05/03/2022 09:31,05/04/2023 12:34
5 - Planning,Request,Illustrations,05/05/2022 15:31,05/04/2023 12:26
5 - Planning,Request,Illustrations,4/22/2022 14:47,05/04/2023 12:25
5 - Planning,How-To/Training,Illustrations,3/28/2022 8:50,05/04/2023 12:24
4 - Low,How-To/Training,Illustrations,05/03/2023 16:02,05/03/2023 16:35
4 - Low,Functionality Issue,Illustrations,05/02/2023 11:01,05/03/2023 15:39
4 - Low,Functionality Issue,Illustrations,05/02/2023 11:18,05/03/2023 15:39
4 - Low,How-To/Training,Network Illustration System,4/28/2023 15:47,05/03/2023 15:38
4 - Low,How-To/Training,Illustrations,05/03/2023 10:06,05/03/2023 15:27
5 - Planning,How-To/Training,Illustrations,05/03/2023 14:23,05/03/2023 14:23
5 - Planning,How-To/Training,Illustrations,05/03/2023 14:23,05/03/2023 14:23
5 - Planning,How-To/Training,Illustrations,4/28/2023 11:49,05/03/2023 13:05
4 - Low,Event,Illustrations,4/25/2023 15:46,05/02/2023 09:47
5 - Planning,How-To/Training,Illustrations,4/25/2023 11:06,05/01/2023 12:49
4 - Low,How-To/Training,Illustrations,4/26/2023 13:46,05/01/2023 09:45
5 - Planning,Data Issue,Network Illustration System,05/03/2023 07:57,
