number,business_service,related_incidents,u_jira_ticket,short_description,problem_state,sys_created_on,resolved_at,priority,active
PRB0043344,Network Illustration System,0,neq-6176,Issue with .nic file and inforce policies showing 5 columns and then 7 when viewing again,Closed,3/24/2021 12:32,6/1/2021 12:54,5 - Planning,FALSE
PRB0043347,Network Illustration System,1,neq-8362,SPIKE: Investigate dividend option change for policy 8144984,Closed,3/24/2021 13:48,4/19/2021 10:44,5 - Planning,FALSE
PRB0043348,Network Illustration System,0,neq-5819,New Issue and composite not working for L20 and some inforce policies,Closed,3/24/2021 13:54,6/1/2021 12:56,5 - Planning,FALSE
PRB0043350,Illustrations,0,puls-1429,Misaligned columns on the Policy Values page of an Inforce policy,Closed,3/24/2021 14:49,6/7/2021 12:56,4 - Low,FALSE
PRB0043363,Network Illustration System,0,neq-8352,NIS DI not calculating Monthly Benefit properly,Closed,3/25/2021 10:13,4/16/2021 16:27,5 - Planning,FALSE
PRB0043364,Illustrations,1,UI-306,Loading a case with an unsupported inforce policy causing a 500,Closed,3/25/2021 10:45,5/3/2021 12:37,4 - Low,FALSE
PRB0043365,Quick Estimator,0,NEQ-8111,Bad BMI Chart,Closed,3/25/2021 11:00,,5 - Planning,FALSE
PRB0043366,Network Illustration System,0,NEQ-5466,NIS Large ULGroup with future dating not opening or downloading a .csv,Closed,3/25/2021 11:30,5/3/2021 12:59,5 - Planning,FALSE
PRB0043367,Network Illustration System,0,NEQ-5101,Using split dollar in benefit plan crashing on view,Closed,3/25/2021 11:40,6/15/2021 9:14,5 - Planning,FALSE
PRB0043467,Illustrations,0,PARS-1110,Linking of insureds based on Base LEID when adding an inforce policy,Closed,4/1/2021 14:26,4/5/2021 9:43,5 - Planning,FALSE
PRB0043522,Network Illustration System,1,NEQ-8509,Selecting all Policies that include LTC hangs at the Output Services application for PDR,Closed,4/7/2021 11:41,4/25/2022 11:08,5 - Planning,FALSE
PRB0043607,Illustrations,1,PULS-1501,Term Conversion graph page shows net cash flow (cumulative) of zero after policy expires,Closed,4/12/2021 15:31,5/3/2021 9:08,4 - Low,FALSE
PRB0043637,Illustrations,7,PULS-1522,Downloading a Comparison as a Single PDF is causing a Timed Out error from Chrome,Closed,4/16/2021 11:44,4/20/2021 10:09,4 - Low,FALSE
PRB0043638,Illustrations,1,PULS-1523,Illustration PDF View is Incorrect - Chart is extending into the footer,Closed,4/16/2021 12:05,4/20/2021 8:20,5 - Planning,FALSE
PRB0043642,Illustrations,5,NOVA-1079,UI gets stuck in a refresh loop,Closed,4/16/2021 13:11,5/3/2021 12:13,5 - Planning,FALSE
PRB0043645,Illustrations,0,PULS-1524,Cant download a excel from a comparison or the case summary screen when there is a companion policy and another illustrations selected,Closed,4/16/2021 15:46,4/20/2021 8:16,5 - Planning,FALSE
PRB0043673,Illustrations,1,PULS-1527,Net cash flow page on Blended Term WLP comparison is not showing yearly payments,Closed,4/19/2021 11:01,4/19/2021 18:27,4 - Low,FALSE
PRB0043689,Illustrations,3,,Incorrect Initial Death Benefit on a WLTC in a Comparison ,Closed,4/20/2021 15:05,5/3/2021 9:09,4 - Low,FALSE
PRB0043690,Illustrations,0,CORN-1382,Back end NAIC with blank rate series code is returning a 500,Closed,4/20/2021 15:19,4/20/2021 17:38,4 - Low,FALSE
PRB0043694,Illustrations,1,,ROR tax bracket incorrect,Closed,4/21/2021 8:59,5/3/2021 12:54,5 - Planning,FALSE
PRB0043728,Illustrations,1,PULS-1549,Getting (state)Undefined in the Illustration Number for field users,Closed,4/26/2021 14:51,5/3/2021 11:27,5 - Planning,FALSE
PRB0043746,Illustrations,2,CORN-1399,SPUL MECing in year 1 with 1035 proceeds applied,Closed,4/27/2021 13:39,4/28/2021 14:33,4 - Low,FALSE
PRB0043779,Illustrations,2,CORN-1411,Accumulated Value and increase in Accumulated Value are not calculating correctly when illustrating a 1035 exchange in a VULP illustration,Closed,4/30/2021 12:13,5/3/2021 13:39,5 - Planning,FALSE
PRB0043792,Illustrations,1,,Business household getting 500 if retirementAge is null,Closed,5/3/2021 15:15,5/4/2021 8:44,5 - Planning,FALSE
PRB0043900,Illustrations,1,https://nwm.atlassian.net/browse/GROO-1905,SWL Insured Age is flipped if Primary is not the youngest person,Closed,5/13/2021 12:12,6/7/2021 12:54,5 - Planning,FALSE
PRB0043996,Illustrations,1,,Composite - error on output when composite with cash distribution contains Texas Concept,Closed,5/24/2021 17:39,6/1/2021 12:24,4 - Low,FALSE
PRB0044033,Network Illustration System,1,NEQ-8929,A old NIS NN IFCL inforce policy is throwing an error when trying to view.,Closed,5/28/2021 8:47,6/15/2021 9:15,5 - Planning,FALSE
PRB0044060,Illustrations,0,PARS-1472,Viewing a term80 conversion to WLP results in 424 error,Closed,6/2/2021 7:50,6/3/2021 9:01,5 - Planning,FALSE
PRB0044087,Illustrations,0,,NGIS Checkout stated as Indeterminate in Vigil from past 3 days,Closed,6/7/2021 5:48,6/7/2021 9:24,3 - Moderate,FALSE
PRB0044142,Illustrations,2,,Adding NAIC to SPUL Illustration causes a 424 error on view,Closed,6/11/2021 14:09,6/15/2021 8:45,4 - Low,FALSE
PRB0044162,Illustrations,2,PULS-1708,VULP missing Page 3 of app supp for NY,Closed,6/16/2021 14:03,6/16/2021 17:29,5 - Planning,FALSE
PRB0044163,Illustrations,0,UI-451,Field reported the WLP inforce composite bug,Closed,6/16/2021 14:10,8/24/2021 10:28,5 - Planning,FALSE
PRB0044164,Illustrations,0,CORN-1512,Composite is not reflecting that the inforce policies were changed to paid up after policy year 25 and is incorrectly showing outlay for all years,Closed,6/16/2021 14:14,6/28/2021 9:16,5 - Planning,FALSE
PRB0044165,Network Illustration System,1,NEQ-9071,NIS Crash on Settlement Illustration for specific policy,Closed,6/16/2021 15:30,7/27/2021 13:48,5 - Planning,FALSE
PRB0044172,Illustrations,0,PULS-1726,SWL with long names doesn't make the font the same for both,Closed,6/17/2021 12:28,6/28/2021 13:57,5 - Planning,FALSE
PRB0044224,Illustrations,1,PULS-1732,NY App supp box for APs checked,Closed,6/23/2021 11:24,6/28/2021 9:13,5 - Planning,FALSE
PRB0044226,Illustrations,2,CORN-1549,Guaranteed Renewable Monthly APB Limits are not calculating correctly when changing the monthly benefit,Closed,6/23/2021 15:34,8/6/2021 11:54,5 - Planning,FALSE
PRB0044254,Illustrations,0,CORN-1568,Short Term Premium incorrect on WLP 65 with Term 80 Companion in New York,Closed,6/28/2021 9:57,7/9/2021 16:22,5 - Planning,FALSE
PRB0044280,Illustrations,1,,"On the attached illustration, with a level 20, the numbers of conversion and without conversion are incorrect",Closed,6/29/2021 17:39,7/9/2021 16:30,5 - Planning,FALSE
PRB0044285,Illustrations,0,WARP-2381,DiCalc ECS had a brief blip where it recycled and caused DI quick values to be unavailable,Closed,6/30/2021 8:38,7/7/2021 13:18,4 - Low,FALSE
PRB0044309,Illustrations,1,CORN-1578,HotChocolate changed the format of ql-calc debug values,Closed,7/1/2021 16:13,7/14/2021 14:18,5 - Planning,FALSE
PRB0044410,Network Illustration System,0,NEQ-9373,PDR issue in NIS- Showing Wrong Death Benefit as of Next Anniversary,Closed,7/13/2021 10:19,8/24/2021 8:53,5 - Planning,FALSE
PRB0044440,Illustrations,1,PULS-1771,Illustrations - text rendering issues,Closed,7/15/2021 15:00,8/6/2021 12:03,5 - Planning,FALSE
PRB0044569,Illustrations,1,https://nwm.atlassian.net/browse/PULS-1814,SWL Missing Flat extras on App supp,Closed,8/3/2021 10:21,8/6/2021 12:19,5 - Planning,FALSE
PRB0044570,Illustrations,3,PARS-1576,Contract Change- AFR working as FR gets a 500 error when selecting products when working as the FR,Closed,8/3/2021 10:41,8/16/2021 13:20,5 - Planning,FALSE
PRB0044598,Illustrations,1,NOVA-1418,When not selecting IIB in illustrations the suggestion on the output calculates the amount for IIB incorrectly,Closed,8/5/2021 11:32,9/8/2021 10:45,5 - Planning,FALSE
PRB0044599,Illustrations,0,PULS-1821,New Issue Term Conversion Showing Death Benefit After the Term Policy Ends,Closed,8/5/2021 13:18,,5 - Planning,FALSE
PRB0044605,Network Illustration System,1,NEQ-606,Policy Download is Incorrectly Identifying Income Plans,New,8/6/2021 11:20,,5 - Planning,TRUE
PRB0044662,Illustrations,1,GROO-2104,Use policy owner address information in ngis-ms-inforce,Closed,8/13/2021 9:17,9/17/2021 10:10,5 - Planning,FALSE
PRB0044759,Illustrations,1,PULS-1855,ACB Summary LTC Coverage is missing information when downloaded,Closed,8/26/2021 9:58,11/1/2021 12:26,5 - Planning,FALSE
PRB0044854,Illustrations,5,NOVA-1457,UpdateRateSeriesValue causing issues for VULP switching to NY as a field user,Closed,9/9/2021 11:30,9/10/2021 15:20,4 - Low,FALSE
PRB0044861,Illustrations,1,PULS-1852,The cash flow details page is being displayed even though the cashFlowDetailsFlag is set to false,Closed,9/10/2021 14:21,9/17/2021 11:24,5 - Planning,FALSE
PRB0044926,Illustrations,0,PARS-1647,T80 to WLP conversion showing Red Error on Case Summary but Illustrates fine after going into the product,Closed,9/20/2021 10:50,11/1/2021 12:03,5 - Planning,FALSE
PRB0044965,Network Illustration System,3,NEQ-10163,Error in calculating guaranteed values,Closed,9/23/2021 9:41,11/19/2021 10:23,3 - Moderate,FALSE
PRB0045004,Executive Benefits,0,NEQ-10222,EB Bug with ROR,Closed,9/28/2021 9:45,12/15/2021 12:00,5 - Planning,FALSE
PRB0045030,Illustrations,1,CORN-1779,424 error using HO Override and 5 million death benefit on standard plus issue class,Closed,9/30/2021 9:55,11/3/2021 10:22,5 - Planning,FALSE
PRB0045070,Illustrations,1,,Download Illustration PDF Failing,Closed,10/6/2021 4:51,11/18/2021 10:12,2 - High,FALSE
PRB0045124,Illustrations,0,PARS-1675,Illustration under business won't calculate backdate to save age,Closed,10/12/2021 9:16,11/12/2021 11:35,5 - Planning,FALSE
PRB0045135,Network Illustration System,0,NEQ-10320,DI - DOE - Illustration generated when Monthly Benefit exceeded,Closed,10/13/2021 12:03,11/19/2021 10:27,5 - Planning,FALSE
PRB0045213,Illustrations,1,PARS-1689,inforceCashDistributionThroughYearAgeRange failed error when using calendar year for cash distribution,Closed,10/25/2021 12:51,12/1/2021 10:07,5 - Planning,FALSE
PRB0045458,Network Illustration System,1,NEQ-10590,Inforce Reconsideration Ledger RCMNW32.DLL Error,Closed,11/23/2021 11:03,11/9/2022 13:13,5 - Planning,FALSE
PRB0045499,Illustrations,1,PULS-2022,WL - ADB field showing NaN on Term Companion,Closed,11/30/2021 13:30,12/13/2021 14:48,5 - Planning,FALSE
PRB0045571,Network Illustration System,1,NEQ-10676,NIS Annuity Case File not saving Initial Premium,Closed,12/7/2021 15:16,6/16/2022 8:50,5 - Planning,FALSE
PRB0045589,Network Illustration System,1,CORN-1846,WLP Inforce - Not using correct waiver age when calling rate return,Closed,12/8/2021 15:49,12/23/2021 9:48,5 - Planning,FALSE
PRB0045605,Network Illustration System,1,NEQ-10698,Future Values discrenpancy,Closed,12/9/2021 15:36,8/18/2022 10:17,5 - Planning,FALSE
PRB0045648,Illustrations,2,NOVA-1656,Errors copying policy from policy detail page,Closed,12/15/2021 13:46,12/23/2021 9:30,5 - Planning,FALSE
PRB0045677,Network Illustration System,1,NEQ-10760,Guaranteed Scales doesn't show drop in DB when policy goes paid up,Closed,12/20/2021 16:52,1/21/2022 8:29,5 - Planning,FALSE
PRB0045735,Illustrations,1,PULS-2133,Premium Breakdown Missing on App Supp Page,Closed,1/3/2022 10:35,3/8/2022 10:41,5 - Planning,FALSE
PRB0045772,Illustrations,1,CORN-1857,Wrong minimum base calculated with Term Companion,Closed,1/6/2022 8:40,1/14/2022 12:01,5 - Planning,FALSE
PRB0045781,Illustrations,1,PULS-2129,New Issue VUL Viewing Timeout Error,Closed,1/7/2022 16:47,1/11/2022 15:38,5 - Planning,FALSE
PRB0045799,Network Illustration System,5,NEQ-10905,NIS crash under PIIA for state of NY,Closed,1/10/2022 16:34,2/18/2022 11:42,4 - Low,FALSE
PRB0045811,Illustrations,2,CORN-1904,"New Issue SWL error with Old Rate Series code, Joint Insurable, and APs",Closed,1/11/2022 14:40,1/14/2022 8:29,4 - Low,FALSE
PRB0045851,Network Illustration System,1,NEQ-10933,Policy out of date within the billing cycle window - Status should be Out-of-Date,Closed,1/18/2022 10:06,2/22/2022 9:49,5 - Planning,FALSE
PRB0045885,Illustrations,0,CORN-1920,TC Ledger - Quick Value Premiums Under Term Stay The Same,Closed,1/21/2022 14:44,2/18/2022 8:59,5 - Planning,FALSE
PRB0045924,Network Illustration System,1,NEQ-11033,Former VCL Paid Up Policies Shows W/O Loan Columns When No Loans are Present,Closed,1/27/2022 9:41,3/28/2022 10:02,5 - Planning,FALSE
PRB0045966,Illustrations,1,PULS-2140,Backend NAIC - Barcode overlap,Closed,2/2/2022 10:47,2/16/2022 15:03,5 - Planning,FALSE
PRB0045982,Network Illustration System,1,NEQ-11072,Premium Suspension causing incorrect values,Closed,2/3/2022 16:09,3/29/2022 13:05,5 - Planning,FALSE
PRB0045993,Illustrations,0,PULS-2158,WLP Benefit Plan displaying UU19 instead of UU21 on the App Supp,Closed,2/4/2022 8:56,3/8/2022 9:39,5 - Planning,FALSE
PRB0045998,Illustrations,1,VOL-146,Composite Monthly Premium is not correct if NIS policies are included,Closed,2/4/2022 15:46,2/8/2022 12:20,5 - Planning,FALSE
PRB0046004,Network Illustration System,3,,NIS Application Issue,Closed,2/7/2022 9:52,2/7/2022 11:56,3 - Moderate,FALSE
PRB0046066,Network Illustration System,1,NEQ-10585,NIS Exception - Life validation fails while illustrating LTC case,Closed,2/14/2022 16:31,3/28/2022 10:08,5 - Planning,FALSE
PRB0046170,Illustrations,1,PARS-1886,Illustrations System allowing True Own Occupation T6 and above,Closed,2/25/2022 10:47,4/4/2022 10:23,5 - Planning,FALSE
PRB0046248,Network Illustration System,1,NEQ-11376,Can't Illustrate Non-1035 Exchange with 1 year premium,Closed,3/4/2022 11:18,4/25/2022 11:20,5 - Planning,FALSE
PRB0046343,Illustrations,1,NOVA-1848,Comparisons Presentation PUT call fails when adding a new plan to comparison,Closed,3/14/2022 16:58,4/1/2022 14:45,5 - Planning,FALSE
PRB0046358,Illustrations,8,OB-209,New AFR/FR relationship resulting in 500 errors for up to 5 days,Closed,3/16/2022 14:21,5/25/2022 14:23,4 - Low,FALSE
PRB0046422,Executive Benefits,1,NEQ-11507,EVUL not increasing the COI when SOPE included,Root Cause Analysis,3/22/2022 12:35,,5 - Planning,TRUE
PRB0046490,Illustrations,1,PULS-2207,NaN Calculations when selecting Rate of Return with Cash Distribution,Closed,3/30/2022 15:47,6/2/2022 16:44,5 - Planning,FALSE
PRB0046554,Illustrations,0,PARS-1234,test,Closed,4/5/2022 11:22,4/5/2022 11:24,5 - Planning,FALSE
PRB0046578,Illustrations,0,PULS-1234,testing ,Closed,4/7/2022 9:35,4/7/2022 9:39,5 - Planning,FALSE
PRB0046599,Network Illustration System,1,NEQ-11659,PDIA IFL Error - Index was out of range,Closed,4/8/2022 14:19,8/18/2022 10:52,5 - Planning,FALSE
PRB0046649,Network Illustration System,2,NEQ-11726,Composite IFL with Loans Missing Loan Columns,Closed,4/14/2022 11:20,6/16/2022 8:43,5 - Planning,FALSE
PRB0046671,Illustrations,0,CORN-2082,"Error ""Specified Amount Decreased in 5 years"" message does not apply to VULP",Closed,4/18/2022 11:20,4/29/2022 15:29,5 - Planning,FALSE
PRB0046682,Illustrations,0,,NGIS checkout failure,Closed,4/19/2022 12:32,4/19/2022 12:56,2 - High,FALSE
PRB0046706,Executive Benefits,0,NEQ-11748,Output Server not launching PDF window when viewing current illustration in EB,Closed,4/21/2022 11:12,6/8/2022 13:31,5 - Planning,FALSE
PRB0046725,Executive Benefits,1,,"Executive Benefits incorrectly shows a value of $10,000 as the Death Benefit on ledgers",Closed,4/25/2022 8:26,4/25/2022 8:34,5 - Planning,FALSE
PRB0046774,Illustrations,1,NMCGS-1742,Product Details - Account for Auth Rep / Personal NMU,Closed,4/26/2022 9:57,6/13/2022 11:20,5 - Planning,FALSE
PRB0046810,Network Illustration System,3,NEQ-11814,NIS fail to launch - Can not activate the view CurrentCaseForm Error,Closed,4/28/2022 10:04,11/9/2022 13:15,5 - Planning,FALSE
PRB0046872,Network Illustration System,1,NEQ-11861,2022 IRR using incorrect premiums in NIS,Closed,5/4/2022 15:01,6/24/2022 8:22,5 - Planning,FALSE
PRB0046909,Illustrations,0,PULS-2286,QR codes are broken on App Supps they do not have the doc ID present in them,Closed,5/6/2022 10:37,,5 - Planning,FALSE
PRB0046918,Illustrations,2,NOVA-1949,Term conversion to WL One with backdate to save age not updating on Case Summary Page,Closed,5/6/2022 12:47,6/28/2022 13:55,5 - Planning,FALSE
PRB0047085,Illustrations,1,PARS-1999,Comparison Output Settings Clear upon opening,Closed,5/11/2022 13:49,8/4/2022 11:04,5 - Planning,FALSE
PRB0047144,Illustrations,0,CORN-2135,Surrender of Basis Output Issue,Closed,5/16/2022 14:18,6/7/2022 9:10,5 - Planning,FALSE
PRB0047146,Network Illustration System,0,NEQ-11591,Incorrect/improper values for some of Inforce Life Policy Data,Closed,5/16/2022 14:39,6/15/2022 13:34,5 - Planning,FALSE
PRB0047173,Network Illustration System,4,NEQ-11929,NIS: System error on launch System.IO.FileNotFoundException: Could not load file or assembly 'NM.Infra ,Closed,5/17/2022 14:49,8/4/2022 12:33,5 - Planning,FALSE
PRB0047184,Illustrations,0,,Potential Security Risk Identified in Illustrations backend,Closed,5/18/2022 11:19,5/27/2022 10:02,3 - Moderate,FALSE
PRB0047196,Illustrations,0,,"As part of daily checkout, NGIS Checkout has been in INDETERMINATE state for 6 days. Kindly check the issue.",Closed,5/19/2022 12:03,5/19/2022 12:12,5 - Planning,FALSE
PRB0047200,Illustrations,0,,NGIS checkout failure,Closed,5/19/2022 21:02,,2 - High,FALSE
PRB0047235,Network Illustration System,1,NEQ-11965,NIS showing Different Premium Values Between Mainframe and Internal Calculations,Closed,5/24/2022 16:15,7/6/2022 11:06,5 - Planning,FALSE
PRB0047266,Network Illustration System,3,NEQ-11974,NIS immediately crashes after viewing Policy,Closed,5/26/2022 10:39,7/14/2022 8:35,5 - Planning,FALSE
PRB0047280,Network Illustration System,1,NEQ-11973,Improve error verbiage for SI Rate download failure for HO users without BA Infra and access to NIS ,Closed,5/27/2022 12:12,12/20/2022 11:47,5 - Planning,FALSE
PRB0047421,Illustrations,1,https://nwm.atlassian.net/browse/CORN-2188,Code Change to make Solution Available for Max Level WL One/Term,Closed,6/9/2022 9:38,6/15/2022 11:57,5 - Planning,FALSE
PRB0047447,Illustrations,48,UI-653,Illustrations - 424 errors when viewing Illustration or Composite,Closed,6/10/2022 10:28,3/20/2023 14:26,4 - Low,FALSE
PRB0047451,Illustrations,6,NOVA-1989,Total Death Benefit showing incorrect minimum of 150K (WLP Blend Term Mix),Closed,6/10/2022 11:34,6/15/2022 9:28,5 - Planning,FALSE
PRB0047452,Illustrations,1,PULS-2367,Error viewing Modified Illustration with Additional Premiums,Closed,6/10/2022 11:53,6/24/2022 9:03,5 - Planning,FALSE
PRB0047453,Illustrations,2,NOVA-1987,Unable to change product for Term or DI illustrations,Closed,6/10/2022 13:39,6/24/2022 15:06,5 - Planning,FALSE
PRB0047465,Network Illustration System,1,NEQ-12159,Guaranteed Scale not Calculating Correctly for IFL ECLs,Closed,6/13/2022 11:06,7/26/2022 8:47,5 - Planning,FALSE
PRB0047470,Illustrations,1,CORN-2196,Term Products failing when adding Flat Extras,Closed,6/13/2022 15:34,6/14/2022 15:12,5 - Planning,FALSE
PRB0047485,Illustrations,12,,The GraphQI getCaseProducts Query Failed (500 errors) / Unable to view Illustrations,Closed,6/14/2022 10:49,6/15/2022 8:28,3 - Moderate,FALSE
PRB0047490,Illustrations,0,CORN-2201,Error in PCTC NGIS Deficiency Calculations,Closed,6/14/2022 15:03,6/15/2022 9:32,5 - Planning,FALSE
PRB0047557,Illustrations,1,GROO-3330,"Occ Class MEDICAL Residents/Interns, Specialty Unknown - Max Benefit should be $6k",Closed,6/21/2022 9:57,9/7/2022 9:44,5 - Planning,FALSE
PRB0047615,Illustrations,1,NOVA-2025,Portrait Illustrations PDFs not formatted correctly for T80s and LT20s,Closed,6/24/2022 11:50,6/27/2022 8:48,5 - Planning,FALSE
PRB0047627,Illustrations,0,PULS-2395,Inforce SUL Composite Showing Dividend Options,Closed,6/27/2022 9:32,6/27/2022 10:21,5 - Planning,FALSE
PRB0047634,Network Illustration System,1,,NIS - SI Rate Failure or Missing Rate Files,Closed,6/27/2022 13:15,9/21/2022 10:39,5 - Planning,FALSE
PRB0047957,Illustrations,1,NOVA-2092,Download NIS Policy in Composite fails for field user,Closed,7/25/2022 16:26,8/22/2022 12:13,5 - Planning,FALSE
PRB0047989,Illustrations,1,PARS-2152,Inforce Illustrations Cover Page display incorrect data,Closed,7/27/2022 14:58,10/17/2022 15:15,5 - Planning,FALSE
PRB0047998,Illustrations,2,OB-296,Policy Change bug - Loan not showing on IFL for policy with Loan,Closed,7/28/2022 8:28,7/28/2022 8:45,5 - Planning,FALSE
PRB0048189,Illustrations,1,UI-573,Unable to Copy Composites,Closed,8/15/2022 16:35,9/15/2022 17:06,5 - Planning,FALSE
PRB0048239,Illustrations,0,PARS-2162,Montana Gender Neutral Error,Closed,8/17/2022 10:38,9/2/2022 7:38,5 - Planning,FALSE
PRB0048342,Network Illustration System,1,,NIS Amyumi PDF Driver/Printer Issues,Closed,8/19/2022 15:24,11/4/2022 14:25,5 - Planning,FALSE
PRB0048415,Illustrations,0,UI-578,Comparison Illustration Order is redefaulting after setting an order,Closed,8/23/2022 12:01,9/16/2022 8:11,5 - Planning,FALSE
PRB0048456,Illustrations,2,NOVA-2224,Illustrations Display Order Randomly Changing,Closed,8/24/2022 11:10,3/7/2023 11:24,5 - Planning,FALSE
PRB0048485,Illustrations,0,,Database name change in Illustrations,Closed,8/25/2022 8:55,9/15/2022 12:12,5 - Planning,FALSE
PRB0048614,Network Illustration System,0,NEQ-12905,MEC Discrepancy for Policy,Closed,8/29/2022 8:31,9/14/2022 13:05,5 - Planning,FALSE
PRB0048615,Network Illustration System,0,NEQ-12938,Revised IFL Discrepancy,Closed,8/29/2022 8:32,9/12/2022 9:29,5 - Planning,FALSE
PRB0048739,Illustrations,1,PULS-2510,15 LTA Policy Values Graph Showing Fewer Years of Premiums,Closed,9/1/2022 15:21,9/14/2022 13:26,5 - Planning,FALSE
PRB0048747,Illustrations,22,GROO-3438,New Issue DI Policies Failing with 424 when adding Existing Coverage ,Closed,9/2/2022 8:58,9/2/2022 14:39,3 - Moderate,FALSE
PRB0048787,Network Illustration System,1,NEQ-12962,SUL Waiver Charges Defect,Closed,9/6/2022 11:12,1/24/2023 14:19,5 - Planning,FALSE
PRB0048792,Illustrations,1,NOVA-1785,Error returned when illustrating Benefits and Values page for Term Products,Closed,9/6/2022 13:38,11/8/2022 14:09,5 - Planning,FALSE
PRB0048798,Illustrations,3,ISPG-2709,TC Policies Having DAVA instead of Terminated,Closed,9/7/2022 12:10,1/17/2023 12:59,5 - Planning,FALSE
PRB0048807,Illustrations,1,UI-585,Error in IFL with APB,Closed,9/7/2022 14:44,9/15/2022 17:02,5 - Planning,FALSE
PRB0048837,Illustrations,6,PULS-2206,CSP Violations Causing RPA Composites to Fail,Closed,9/8/2022 11:21,11/22/2022 10:42,5 - Planning,FALSE
PRB0049066,Illustrations,0,,LTA Issue - Extra Tax Advantages page,Closed,9/19/2022 9:25,10/14/2022 16:20,5 - Planning,FALSE
PRB0049115,Illustrations,1,CORN-2321,LTA Expanded Values overstated,Closed,9/21/2022 8:42,10/3/2022 8:40,5 - Planning,FALSE
PRB0049263,Illustrations,3,,Internal 500 Server Error (Composites),Closed,9/28/2022 9:26,9/28/2022 10:21,3 - Moderate,FALSE
PRB0049267,Illustrations,1,HD-469,Time out when applying MaxPrem To Avoid MEC,New,9/28/2022 11:22,,5 - Planning,TRUE
PRB0049302,Illustrations,12,PARS-2182,Inforce WLP Cash distribution targeting results in no solution/ crash,Closed,9/29/2022 15:37,11/28/2022 11:27,3 - Moderate,FALSE
PRB0049333,Illustrations,1,GROO-3467,Inforce WLP/WLO Error When Going Paid Up Next Anniversary,Closed,9/30/2022 16:39,10/6/2022 15:10,5 - Planning,FALSE
PRB0049416,Illustrations,0,CORN-2357,Guaranteed Pool Amount,Closed,10/6/2022 10:05,10/12/2022 14:34,5 - Planning,FALSE
PRB0049496,Illustrations,3,OB-644,NewBusiness failures in ngis-ms-newissue,Closed,10/11/2022 13:06,10/14/2022 16:43,5 - Planning,FALSE
PRB0049505,Illustrations,2,OB-643,New Business LTA illustration failing,Closed,10/11/2022 14:53,10/14/2022 16:51,5 - Planning,FALSE
PRB0049523,Network Illustration System,2,NEQ-13313,NIS errors when using the email PDF button on the output window,Closed,10/12/2022 11:47,1/20/2023 10:38,5 - Planning,FALSE
PRB0049586,Illustrations,14,PARS-2201,CRM to Illustration Launch Not Selecting Workfor,Closed,10/17/2022 8:54,1/23/2023 13:05,5 - Planning,FALSE
PRB0049648,Network Illustration System,1,MAIN-3811,Deficiency letter - Monetary Miscalculation - 1403492,Closed,10/19/2022 14:52,3/20/2023 8:35,5 - Planning,FALSE
PRB0049656,Illustrations,3,OB-660,"Backend LTA NAIC - Single Premium with 1035 accept exchange_amt_1035_cde of ""P""",Closed,10/20/2022 8:38,10/21/2022 14:20,5 - Planning,FALSE
PRB0049771,Illustrations,1,PULS-2611,Whole Life One inforce policy is not updating with ROR selected with Tax Equivalent 46%,Closed,10/26/2022 16:34,12/9/2022 12:36,5 - Planning,FALSE
PRB0049867,Illustrations,7,,NAIC Backend Illustrations Issues 10/28,Closed,10/31/2022 14:58,10/31/2022 15:03,5 - Planning,FALSE
PRB0049895,Illustrations,1,UI-604,Viewing Multiple Illustrations are Out of Order,Root Cause Analysis,11/1/2022 15:18,,5 - Planning,TRUE
PRB0049961,Inforce Reports (IFRP),4,MAIN-3855,Policy change tool - cannot order IFL.,New,11/4/2022 13:44,,4 - Low,TRUE
PRB0049964,Network Illustration System,2,,NIS Issue - Can not activate the view PDFViewForm ,Closed,11/4/2022 14:29,11/8/2022 13:03,5 - Planning,FALSE
PRB0050131,Illustrations,11,,Illustrations - Unable to download Export to Excel,Closed,11/16/2022 10:16,11/16/2022 15:17,4 - Low,FALSE
PRB0050163,Network Illustration System,3,NEQ-13543,Loan Max Level Amt. Not Targeting Correctly,Closed,11/17/2022 15:50,12/21/2022 16:25,5 - Planning,FALSE
PRB0050179,Illustrations,1,NOVA-2239,"LTA Illustrations shows ""null"" as middle name on the cover page",Closed,11/18/2022 11:10,1/20/2023 10:49,5 - Planning,FALSE
PRB0050184,Illustrations,1,NOVA-2240,WLP with Term Companion Illustration does not consider Term dating rules when short terming,Closed,11/18/2022 14:40,1/20/2023 10:56,5 - Planning,FALSE
PRB0050185,Illustrations,1,CORN-2390,State of Texas with Rate of Return selected - 424 Error,Closed,11/18/2022 16:05,12/5/2022 9:32,5 - Planning,FALSE
PRB0050282,Illustrations,6,OB-675,New Business NAIC Illustrations failing in ngis-ms-newissue,Closed,11/29/2022 15:04,3/3/2023 11:26,5 - Planning,FALSE
PRB0050320,Illustrations,1,CORN-2396,Inforce Off ISA policy trigger MaterialChange in Year1,Closed,12/1/2022 8:56,12/2/2022 12:49,5 - Planning,FALSE
PRB0050346,Network Illustration System,1,NEQ-12882,(NIS) Incorrect MEC on Policy,Closed,12/2/2022 13:25,1/13/2023 8:51,5 - Planning,FALSE
PRB0050349,Illustrations,1,PULS-2639,Viewer - Can't export values from a DI policy,Closed,12/2/2022 13:47,12/6/2022 8:39,5 - Planning,FALSE
PRB0050391,Illustrations,1,CORN-2399,View Illustration Household Error with Inflation Options selected,Closed,12/6/2022 11:16,12/9/2022 8:15,5 - Planning,FALSE
PRB0050407,Illustrations,3,PULS-2660,DI App Supps Showing 'Individual Life Insurance' instead of 'Disability Insurance' and Issue Class Not Displaying,Closed,12/6/2022 17:00,12/7/2022 15:54,5 - Planning,FALSE
PRB0050428,Illustrations,1,NOVA-2257,Specific Occupation classes show old base rate ,Closed,12/7/2022 16:13,12/12/2022 10:41,5 - Planning,FALSE
PRB0050429,Illustrations,1,PULS-2664,IDI NGIS DI Application Supplement Issues,Closed,12/7/2022 16:17,12/8/2022 16:40,5 - Planning,FALSE
PRB0050546,Illustrations,2,PULS-2672,Output is not honoring Years to Show selection when Guaranteed Pass Warning,Closed,12/14/2022 14:07,12/19/2022 9:53,5 - Planning,FALSE
PRB0050724,Illustrations,1,GROO-3571,Succession event & transition of illustrations,Closed,12/27/2022 10:32,1/17/2023 13:10,5 - Planning,FALSE
PRB0050732,Network Illustration System,0,NEQ-13767,NIS True Own Occ and Medical True Own Occ Issues ,Closed,12/28/2022 8:15,2/15/2023 8:48,5 - Planning,FALSE
PRB0050765,Network Illustration System,1,NEQ-13798,Occupation Locator - Error on selecting the occupation code when approvaliser date is empty and agent name has space,Closed,12/30/2022 13:30,2/15/2023 15:32,5 - Planning,FALSE
PRB0050950,Illustrations,18,PARS-2300,Inforce WLP Cash Distribution Causes Delay in Loading Page Error,Closed,1/12/2023 11:04,3/20/2023 15:11,5 - Planning,FALSE
PRB0050972,Network Illustration System,17,NEQ-13897,NIS - 'Index was out of range' Error,Closed,1/13/2023 12:32,2/15/2023 9:23,5 - Planning,FALSE
PRB0051078,Illustrations,6,PULS-2721,TT Prior Series Inforce Policy from NIS missing from composite,Closed,1/23/2023 10:43,1/24/2023 14:48,3 - Moderate,FALSE
PRB0051081,Illustrations,1,CORN-2451,WLP MEC Premium mismatch - Lump Sum applied twice,Closed,1/23/2023 13:28,2/3/2023 16:29,5 - Planning,FALSE
PRB0051152,Illustrations,1,NOVA-2294,"Business throwing 500 error ""Cannot destructure property 'age' of 'object null' as it is null.""",Closed,1/26/2023 12:19,2/3/2023 12:12,5 - Planning,FALSE
PRB0051181,Network Illustration System,1,NEQ-13993,IF - Calendar year incorrect in Surrender Loans/Withdrawals form,Closed,1/27/2023 14:14,4/26/2023 16:32,5 - Planning,FALSE
PRB0051182,Illustrations,1,PULS-2728,App Supp not showing correct Discounted Premium,Closed,1/27/2023 14:26,3/6/2023 10:29,5 - Planning,FALSE
PRB0051188,Illustrations,1,CORN-2457,New issue WLP generates 424 - Failure while requesting data for a single household illustration error when adding the Result of Waiting page,Closed,1/27/2023 16:07,2/3/2023 16:54,5 - Planning,FALSE
PRB0051209,Quick Estimator,1,,Quick Estimator mobile app will crash upon opening,Closed,1/30/2023 13:18,2/1/2023 12:05,3 - Moderate,FALSE
PRB0051277,Network Illustration System,2,,"NIS Error ""Object Reference not set to an instance of an object""",Closed,2/2/2023 10:34,3/8/2023 13:13,5 - Planning,FALSE
PRB0051376,Illustrations,1,PULS-2740,DI App Supps Not Reflecting Correct Short Term Issue Date,Closed,2/7/2023 14:37,3/6/2023 13:39,5 - Planning,FALSE
PRB0051577,Illustrations,1,CORN-2485,LTA 15 Pay - Underwriting Amount other than expected when 1035 paying 1st year premium,Closed,2/20/2023 15:49,2/21/2023 16:00,5 - Planning,FALSE
PRB0051602,Illustrations,1,NOVA-2269,LT20 not showing expected years to show for all years on illustration in case where coverage lasts 25 years.,Closed,2/21/2023 13:42,3/20/2023 14:09,5 - Planning,FALSE
PRB0051629,Illustrations,1,PULS-2766,Paid up inforce policy generates error when Annual Income option is selected under Guaranteed Values page,Root Cause Analysis,2/22/2023 18:08,,5 - Planning,TRUE
PRB0051688,Illustrations,2,QUA-266,Performance issues in Illustrations System,Fix in Progress,2/27/2023 9:41,,4 - Low,TRUE
PRB0051780,Network Illustration System,5,NEQ-14246,NIS - Format Issue with Average Annual Outlay Checked,New,3/3/2023 10:46,,5 - Planning,TRUE
PRB0051798,Illustrations,2,CORN-2504,UL MEC test off by one penny,Closed,3/6/2023 9:12,3/20/2023 15:22,5 - Planning,FALSE
PRB0051811,Illustrations,7,WARP-5158,ngis-reverse-proxy pod continuously restarting,Closed,3/6/2023 10:16,3/7/2023 11:31,5 - Planning,FALSE
PRB0051862,Network Illustration System,1,NEQ-14074,VA 1035x to LTC - Accumulation value calculation is incorrect,Closed,3/8/2023 11:25,3/16/2023 11:55,5 - Planning,FALSE
PRB0051868,Illustrations,1,PULS-2796,Viewer - Can't export due to invalid search parameter on xlsx URL,Closed,3/8/2023 15:05,3/20/2023 9:20,5 - Planning,FALSE
PRB0051948,Illustrations,51,,Multiple Kubernetes Pods restarting,Closed,3/14/2023 8:17,3/21/2023 9:54,5 - Planning,FALSE
PRB0052004,Illustrations,1,UI-657,NIS PDF Upload Throws Red Warning in the UI,Closed,3/16/2023 10:27,5/4/2023 14:23,5 - Planning,FALSE
PRB0052011,Illustrations,10,,UL Products Not Loading,Closed,3/16/2023 14:44,3/16/2023 16:17,3 - Moderate,FALSE
PRB0052013,Illustrations,9,,Illustrations 13.4.1 Deployment Issues,Closed,3/16/2023 16:50,3/31/2023 14:29,3 - Moderate,FALSE
PRB0052087,Illustrations,2,NOVA-2352,Issue with UI call calculations,Closed,3/22/2023 11:59,5/2/2023 13:04,5 - Planning,FALSE
PRB0052089,Network Illustration System,1,NEQ-14313,ARDI Conversion for State NM throws Validation Error for Discussing ARDI Conversion Page,New,3/22/2023 12:36,,5 - Planning,TRUE
PRB0052093,Network Illustration System,1,NEQ-14319,NIS Guaranteed Max Issue with NAIC selected,Closed,3/22/2023 14:23,5/10/2023 13:05,5 - Planning,FALSE
PRB0052146,Illustrations,2,PULS-2830,Term Conversion Tax Rate Household Error,Assess,3/24/2023 15:51,,5 - Planning,TRUE
PRB0052205,Illustrations,1,NOVA-2359,"Business Error """"Cannot read property 'birthdate' of undefined""",Root Cause Analysis,3/28/2023 17:08,,5 - Planning,TRUE
PRB0052221,Advanced Markets Illustrations,0,ISPG-6648,Andesa SSO Configuration File Risk,Closed,3/29/2023 8:58,3/29/2023 9:02,5 - Planning,FALSE
PRB0052431,Network Illustration System,1,NEQ-14383,Inforce UL 'Premium exceeds contractual limit' showing wrong Phone Number,New,4/12/2023 15:04,,4 - Low,TRUE
PRB0052564,Illustrations,1,OB-825,"Illustrations UU Policy ""No Insureds / No Entitlements""",New,4/21/2023 11:05,,5 - Planning,TRUE
PRB0052703,Illustrations,1,HD-546,Share Hyperlink Missing after Sharing Household,Closed,5/2/2023 9:37,5/24/2023 9:28,4 - Low,FALSE
PRB0052705,Illustrations,1,HD-544,Carbon Failing when Adding Inforce Policy,Resolved,5/2/2023 10:05,6/9/2023 14:10,4 - Low,TRUE
PRB0052707,Illustrations,9,,Lumen Pilot unable to save PDFs,Closed,5/2/2023 10:57,6/12/2023 10:48,4 - Low,FALSE
PRB0052765,Illustrations,2,PARS-2583,New Issue Term Conversion only copies Policy Number,Closed,5/5/2023 10:21,6/8/2023 12:21,4 - Low,FALSE
PRB0052882,Illustrations,1,PARS-2580,Lumen Pilot - Exporting from case summary fails for work-for,Closed,5/12/2023 14:50,6/8/2023 12:16,4 - Low,FALSE
PRB0052903,Illustrations,1,UI-669,New Issue SUL/SWL with Multiple Flat Extras Causing Delay in Loading Page Error,New,5/15/2023 14:11,,4 - Low,TRUE
PRB0052967,Inforce Reports (IFRP),1,MAIN-4066,Logic Issue in 7 pay MEC testing,New,5/18/2023 16:04,,4 - Low,TRUE
PRB0052996,Network Illustration System,0,MAIN-4067,Error due to 7 Digit Policy Number (Error Calculating Underwriting),New,5/22/2023 10:41,,4 - Low,TRUE
PRB0053174,Illustrations,1,PARS-2677,Comparison of Annual Outlays Page Default Settings Not Different,Root Cause Analysis,6/2/2023 12:19,,5 - Planning,TRUE
PRB0053233,Network Illustration System,1,MAIN-4018,ZIM1778327 - Policies with ACB that are going paidup IFL issue fix,Closed,6/7/2023 13:35,6/7/2023 13:37,5 - Planning,FALSE
PRB0053245,Illustrations,1,PARS-2683,HO Overrides are currently not working for Legacy Illustrations,New,6/8/2023 8:56,,4 - Low,TRUE
PRB0053252,Network Illustration System,1,NEQ-14636,PDIA Subsequent Contributions Not Clearing Properly,New,6/8/2023 10:48,,5 - Planning,TRUE
PRB0053272,Illustrations,2,CORN-2652,SPUL Rate Routine not Updated in Prod,New,6/9/2023 15:56,,4 - Low,TRUE
PRB0053367,Network Illustration System,6,,Compliance Tool Unable to Update/Delete due to Read Only Files/Folders,New,6/16/2023 11:13,,4 - Low,TRUE
