﻿Date App Wentdown,Application,Feature Name,INC Number,Date/Time App Went Down,Date/Time App Came Back,Feature Weight,Operational Adjustment,Outage Minutes,Operational Outage Minutes
10/7/1986,appName,FeatureBoy,INC7657321,1/1/2022 10:55,2/2/2022 10:55,69,13,200,500
4/25/2023 0:00,appName,featureName,INC1234561,4/25/2023 9:45,4/25/2023 10:55,25%,100%,70,17.5
4/25/2023 0:00,appName,featureName,INC1234561,4/25/2023 9:45,4/25/2023 10:55,25%,100%,70,17.5
4/25/2023 0:00,appName,featureName,INC1234561,4/25/2023 9:45,4/25/2023 10:55,25%,100%,70,17.5
4/25/2023 0:00,appName,featureName,INC1234561,4/25/2023 9:45,4/25/2023 10:55,25%,100%,70,17.5
4/3/2023 0:00,appName,featureName,INC1234561,4/3/2023 14:06,4/3/2023 14:47,25%,100%,41,10.25
4/3/2023 0:00,appName,featureName,INC1234561,4/3/2023 14:06,4/3/2023 14:47,25%,100%,41,10.25
4/3/2023 0:00,appName,featureName,INC1234561,4/3/2023 14:06,4/3/2023 14:47,25%,100%,41,10.25
4/3/2023 0:00,appName,featureName,INC1234561,4/3/2023 14:06,4/3/2023 14:47,25%,100%,41,10.25
4/25/2023 0:00,appName,featureName,INC1234561,4/25/2023 11:05,4/25/2023 11:17,25%,100%,12,3
4/25/2023 0:00,appName,featureName,INC1234561,4/25/2023 11:05,4/25/2023 11:17,25%,100%,12,3
4/25/2023 0:00,appName,featureName,INC1234561,4/25/2023 11:05,4/25/2023 11:17,25%,100%,12,3
4/25/2023 0:00,appName,featureName,INC1234561,4/25/2023 11:05,4/25/2023 11:17,25%,100%,12,3
