priority,u_incident_type,business_service,sys_created_on,resolved_at
1 - Critical,Data Issue,Application 1,5/16/2023 9:31,6/8/2023 10:11
1 - Critical,Event,Application 1,5/16/2023 9:31,6/8/2023 10:11
1 - Critical,How-To/Training,Application 1,5/16/2023 9:31,6/8/2023 10:11
1 - Critical,Performance,Application 1,5/16/2023 9:31,6/8/2023 10:11
1 - Critical,User Access,Application 1,5/16/2023 9:31,6/8/2023 10:11
1 - Critical,Data Issue,Application 2,5/16/2023 9:31,6/8/2023 10:11
1 - Critical,Event,Application 2,5/16/2023 9:31,6/8/2023 10:11
1 - Critical,How-To/Training,Application 2,5/16/2023 9:31,6/8/2023 10:11
1 - Critical,Performance,Application 2,5/16/2023 9:31,6/8/2023 10:11
1 - Critical,User Access,Application 2,5/16/2023 9:31,6/8/2023 10:11
1 - Critical,Data Issue,Application 3,5/16/2023 9:31,6/8/2023 10:11
1 - Critical,Event,Application 3,5/16/2023 9:31,6/8/2023 10:11
1 - Critical,How-To/Training,Application 3,5/16/2023 9:31,6/8/2023 10:11
1 - Critical,Performance,Application 3,5/16/2023 9:31,6/8/2023 10:11
1 - Critical,User Access,Application 3,5/16/2023 9:31,6/8/2023 10:11
1 - Critical,Data Issue,Application 4,5/16/2023 9:31,6/8/2023 10:11
1 - Critical,Event,Application 4,5/16/2023 9:31,6/8/2023 10:11
1 - Critical,How-To/Training,Application 4,5/16/2023 9:31,6/8/2023 10:11
1 - Critical,Performance,Application 4,5/16/2023 9:31,6/8/2023 10:11
1 - Critical,User Access,Application 4,5/16/2023 9:31,6/8/2023 10:11
1 - Critical,Data Issue,Application 5,5/16/2023 9:31,6/8/2023 10:11
1 - Critical,Event,Application 5,5/16/2023 9:31,6/8/2023 10:11
1 - Critical,How-To/Training,Application 5,5/16/2023 9:31,6/8/2023 10:11
1 - Critical,Performance,Application 5,5/16/2023 9:31,6/8/2023 10:11
1 - Critical,User Access,Application 5,5/16/2023 9:31,6/8/2023 10:11
2 - High,Data Issue,Application 1,5/16/2023 9:31,6/8/2023 10:11
2 - High,Event,Application 1,5/16/2023 9:31,6/8/2023 10:11
2 - High,How-To/Training,Application 1,5/16/2023 9:31,6/8/2023 10:11
2 - High,Performance,Application 1,5/16/2023 9:31,6/8/2023 10:11
2 - High,User Access,Application 1,5/16/2023 9:31,6/8/2023 10:11
2 - High,Data Issue,Application 2,5/16/2023 9:31,6/8/2023 10:11
2 - High,Event,Application 2,5/16/2023 9:31,6/8/2023 10:11
2 - High,How-To/Training,Application 2,5/16/2023 9:31,6/8/2023 10:11
2 - High,Performance,Application 2,5/16/2023 9:31,6/8/2023 10:11
2 - High,User Access,Application 2,5/16/2023 9:31,6/8/2023 10:11
2 - High,Data Issue,Application 3,5/16/2023 9:31,6/8/2023 10:11
2 - High,Event,Application 3,5/16/2023 9:31,6/8/2023 10:11
2 - High,How-To/Training,Application 3,5/16/2023 9:31,6/8/2023 10:11
2 - High,Performance,Application 3,5/16/2023 9:31,6/8/2023 10:11
2 - High,User Access,Application 3,5/16/2023 9:31,6/8/2023 10:11
2 - High,Data Issue,Application 4,5/16/2023 9:31,6/8/2023 10:11
2 - High,Event,Application 4,5/16/2023 9:31,6/8/2023 10:11
2 - High,How-To/Training,Application 4,5/16/2023 9:31,6/8/2023 10:11
2 - High,Performance,Application 4,5/16/2023 9:31,6/8/2023 10:11
2 - High,User Access,Application 4,5/16/2023 9:31,6/8/2023 10:11
2 - High,Data Issue,Application 5,5/16/2023 9:31,6/8/2023 10:11
2 - High,Event,Application 5,5/16/2023 9:31,6/8/2023 10:11
2 - High,How-To/Training,Application 5,5/16/2023 9:31,6/8/2023 10:11
2 - High,Performance,Application 5,5/16/2023 9:31,6/8/2023 10:11
2 - High,User Access,Application 5,5/16/2023 9:31,6/8/2023 10:11
3 - Moderate,Data Issue,Application 1,5/16/2023 9:31,6/8/2023 10:11
3 - Moderate,Event,Application 1,5/16/2023 9:31,6/8/2023 10:11
3 - Moderate,How-To/Training,Application 1,5/16/2023 9:31,6/8/2023 10:11
3 - Moderate,Performance,Application 1,5/16/2023 9:31,6/8/2023 10:11
3 - Moderate,User Access,Application 1,5/16/2023 9:31,6/8/2023 10:11
3 - Moderate,Data Issue,Application 2,5/16/2023 9:31,6/8/2023 10:11
3 - Moderate,Event,Application 2,5/16/2023 9:31,6/8/2023 10:11
3 - Moderate,How-To/Training,Application 2,5/16/2023 9:31,6/8/2023 10:11
3 - Moderate,Performance,Application 2,5/16/2023 9:31,6/8/2023 10:11
3 - Moderate,User Access,Application 2,5/16/2023 9:31,6/8/2023 10:11
3 - Moderate,Data Issue,Application 3,5/16/2023 9:31,6/8/2023 10:11
3 - Moderate,Event,Application 3,5/16/2023 9:31,6/8/2023 10:11
3 - Moderate,How-To/Training,Application 3,5/16/2023 9:31,6/8/2023 10:11
3 - Moderate,Performance,Application 3,5/16/2023 9:31,6/8/2023 10:11
3 - Moderate,User Access,Application 3,5/16/2023 9:31,6/8/2023 10:11
3 - Moderate,Data Issue,Application 4,5/16/2023 9:31,6/8/2023 10:11
3 - Moderate,Event,Application 4,5/16/2023 9:31,6/8/2023 10:11
3 - Moderate,How-To/Training,Application 4,5/16/2023 9:31,6/8/2023 10:11
3 - Moderate,Performance,Application 4,5/16/2023 9:31,6/8/2023 10:11
3 - Moderate,User Access,Application 4,5/16/2023 9:31,6/8/2023 10:11
3 - Moderate,Data Issue,Application 5,5/16/2023 9:31,6/8/2023 10:11
3 - Moderate,Event,Application 5,5/16/2023 9:31,6/8/2023 10:11
3 - Moderate,How-To/Training,Application 5,5/16/2023 9:31,6/8/2023 10:11
3 - Moderate,Performance,Application 5,5/16/2023 9:31,6/8/2023 10:11
3 - Moderate,User Access,Application 5,5/16/2023 9:31,6/8/2023 10:11
4 - Low,Data Issue,Application 1,5/16/2023 9:31,6/8/2023 10:11
4 - Low,Event,Application 1,5/16/2023 9:31,6/8/2023 10:11
4 - Low,How-To/Training,Application 1,5/16/2023 9:31,6/8/2023 10:11
4 - Low,Performance,Application 1,5/16/2023 9:31,6/8/2023 10:11
4 - Low,User Access,Application 1,5/16/2023 9:31,6/8/2023 10:11
4 - Low,Data Issue,Application 2,5/16/2023 9:31,6/8/2023 10:11
4 - Low,Event,Application 2,5/16/2023 9:31,6/8/2023 10:11
4 - Low,How-To/Training,Application 2,5/16/2023 9:31,6/8/2023 10:11
4 - Low,Performance,Application 2,5/16/2023 9:31,6/8/2023 10:11
4 - Low,User Access,Application 2,5/16/2023 9:31,6/8/2023 10:11
4 - Low,Data Issue,Application 3,5/16/2023 9:31,6/8/2023 10:11
4 - Low,Event,Application 3,5/16/2023 9:31,6/8/2023 10:11
4 - Low,How-To/Training,Application 3,5/16/2023 9:31,6/8/2023 10:11
4 - Low,Performance,Application 3,5/16/2023 9:31,6/8/2023 10:11
4 - Low,User Access,Application 3,5/16/2023 9:31,6/8/2023 10:11
4 - Low,Data Issue,Application 4,5/16/2023 9:31,6/8/2023 10:11
4 - Low,Event,Application 4,5/16/2023 9:31,6/8/2023 10:11
4 - Low,How-To/Training,Application 4,5/16/2023 9:31,6/8/2023 10:11
4 - Low,Performance,Application 4,5/16/2023 9:31,6/8/2023 10:11
4 - Low,User Access,Application 4,5/16/2023 9:31,6/8/2023 10:11
4 - Low,Data Issue,Application 5,5/16/2023 9:31,6/8/2023 10:11
4 - Low,Event,Application 5,5/16/2023 9:31,6/8/2023 10:11
4 - Low,How-To/Training,Application 5,5/16/2023 9:31,6/8/2023 10:11
4 - Low,Performance,Application 5,5/16/2023 9:31,6/8/2023 10:11
4 - Low,User Access,Application 5,5/16/2023 9:31,6/8/2023 10:11
5 - Planning,Data Issue,Application 1,5/16/2023 9:31,6/8/2023 10:11
5 - Planning,Event,Application 1,5/16/2023 9:31,6/8/2023 10:11
5 - Planning,How-To/Training,Application 1,5/16/2023 9:31,6/8/2023 10:11
5 - Planning,Performance,Application 1,5/16/2023 9:31,6/8/2023 10:11
5 - Planning,User Access,Application 1,5/16/2023 9:31,6/8/2023 10:11
5 - Planning,Data Issue,Application 2,5/16/2023 9:31,6/8/2023 10:11
5 - Planning,Event,Application 2,5/16/2023 9:31,6/8/2023 10:11
5 - Planning,How-To/Training,Application 2,5/16/2023 9:31,6/8/2023 10:11
5 - Planning,Performance,Application 2,5/16/2023 9:31,6/8/2023 10:11
5 - Planning,User Access,Application 2,5/16/2023 9:31,6/8/2023 10:11
5 - Planning,Data Issue,Application 3,5/16/2023 9:31,6/8/2023 10:11
5 - Planning,Event,Application 3,5/16/2023 9:31,6/8/2023 10:11
5 - Planning,How-To/Training,Application 3,5/16/2023 9:31,6/8/2023 10:11
5 - Planning,Performance,Application 3,5/16/2023 9:31,6/8/2023 10:11
5 - Planning,User Access,Application 3,5/16/2023 9:31,6/8/2023 10:11
5 - Planning,Data Issue,Application 4,5/16/2023 9:31,6/8/2023 10:11
5 - Planning,Event,Application 4,5/16/2023 9:31,6/8/2023 10:11
5 - Planning,How-To/Training,Application 4,5/16/2023 9:31,6/8/2023 10:11
5 - Planning,Performance,Application 4,5/16/2023 9:31,6/8/2023 10:11
5 - Planning,User Access,Application 4,5/16/2023 9:31,6/8/2023 10:11
5 - Planning,Data Issue,Application 5,5/16/2023 9:31,6/8/2023 10:11
5 - Planning,Event,Application 5,5/16/2023 9:31,6/8/2023 10:11
5 - Planning,How-To/Training,Application 5,5/16/2023 9:31,6/8/2023 10:11
5 - Planning,Performance,Application 5,5/16/2023 9:31,6/8/2023 10:11
5 - Planning,User Access,Application 5,5/16/2023 9:31,6/8/2023 10:11
